Edge,Target
Bronx River,Activities
Bronx River,Animals
Bronx River,Bronx
Bronx River,Places
Bronx River,Preservation
Bronx River,Safety
Bronx River,Technical Skills
Bronx River,Things in the river
Bronx River,Tides
Activities,Basketball
Activities,Fishing
Activities,Fun
Activities,Games
Activities,Rowing
Activities,Science
Activities,Swimming
Activities,Teaching_Learning
Activities,Water quality
Swimming,YMCA
YMCA,Coach Will
Water quality,Dissolved Oxygen
Water quality,Nitrates
Water quality,pH
Water quality,Salinity
Water quality,Turbidity
Animals,Birds
Animals,Fish
Birds,Cormorants
Birds,Ducks
Birds,Egrets
Bronx,BEC
Bronx,Chopped cheese
Bronx,Hunts Point
Bronx,RTB
Bronx,SM
Bronx,Grant
RTB,Family
RTB,No purple or dark colors
RTB,Weeklong
Family,People
People,Staff
People,Friends
People,Student
Staff,Learning
Staff,Teaching
Weeklong,Overnight
Overnight,Dice
Overnight,Games
Overnight,Lion King
Dice,Student beat Student
Places,Hunts point
Places,Soundview
Places,YMCA
Soundview,Phragmites
YMCA,Coach Will
Preservation,Oysters
Presevation,Planting trees
Preservation,Plants
Preservation,Removing invasives
Planting trees,Deciduous
Planting trees,Evergreen
Plants,Evergreen
Plants,Evergreen
Plants,Evergreen
Plants,Evergreen
Safety,Evergreen
Safety,Evergreen
Technical Skills,Evergreen
Technical Skills,Evergreen
Technical Skills,Evergreen
ESP,Evergreen
ESP,Evergreen
Knots,Evergreen
Things in the river,Evergreen
Things in the river,Evergreen
Things in the river,Evergreen
Things in the river,Evergreen
Things in the river,Evergreen
Mudflats,Evergreen
Tides,Evergreen
Tides,Evergreen
Low tide,Evergreen
Low tide,Evergreen
Low tide,Evergreen
